title,company,location
Software Developer - Journeyman,Bowhead / UIC Technical Services,"Aberdeen Proving Ground, MD"
R&D Engineer II  (Software Developer) - Cloud,ANSYS,"Canonsburg, PA"
Software Application Developer/Analyst 3,Swift Transportation,"Phoenix, AZ"
"Software Developer [Cleveland or Akron, OH]",Cohen & Company,"Cleveland, OH"
Apprentice Conversion - Software Developer,IBM,"New York City, NY"
100% Remote Software Developer (Node.js),CyberCoders,"Denver, CO"
"Associate, Software Developer","BlackRock Corporation US, Inc.","San Francisco, CA"
Programer\Analyst\Software Developer,"Hi-Tech Health, LLC","Hackettstown, NJ"
JDE Software Developer,Tyndale House Ministries,"Carol Stream, IL"
Software Engineer/Developer,Expedent Corp,"Irving, TX"
Administrative Specialist,City of Wentzville,"Wentzville, MO"
Software Developer,"Software Merchant, Inc.","Radnor, PA"
Software Developer,Monarch InfoTech Services LLC,"Mission Viejo, CA"
Sr. Software Developer,Clothing Tech LLC,"Austin, TX"
"Engineer, Software Developer",Direct Fulfillment North America,"Murrysville, PA"
Software Developer - remote during Pandemic,UtiliSave LLC,"New York, NY"
Software Developer,Luxoft USA,"New York, NY"
Software Developer( Java or Groovy/Google Cloud),RK Management Consultants,"Minneapolis, MN"
Software Developer,AIK Technology Services Corp,"Naperville, IL"
Software Developer,"ICS Global Soft, Inc","Irving, TX"
Sr Software Developer,SNI Technology,"Chicago, IL"
"Project Engineer, Hands-on Software Developer for Robotics Start-up in Cupertino, CA",OSI Engineering,"Monte Vista, CA"
Senior Software Developer,Capital Business Solutions LL,"Raleigh/Durham-RTP, NC"
Software Developer,Mahantech,"Charleston, WV"
Software Developer,IBM Corporation,"Foster City , CA"
Software Developer,Skill Voice Inc.,"Lake Lotawana, MO"
